Date,realgdp,cpi,unemp,effr,expinf,2Log_M1,KCFSI
1992-01-01,9486.357279,138.3,7.3,4.03,3.27,0,0.058178237
1992-02-01,9527.532298,138.6,7.4,4.06,3.34,0,0.002363919
1992-03-01,9606.143143,139.1,7.4,3.98,3.59,1.58,-0.12934756
1992-04-01,9612.490145,139.4,7.4,3.73,3.37,0.96,-0.36838741
1992-05-01,9594.652298,139.7,7.6,3.82,3.41,-3.49,-0.506196257
1992-06-01,9723.167187,140.1,7.8,3.76,3.55,1.89,-0.426816495
1992-07-01,9740.577342,140.5,7.7,3.25,3.28,0.29,-0.420529377
1992-08-01,9720.763226,140.8,7.6,3.3,3.11,-0.29,-0.389824311
1992-09-01,9754.881179,141.1,7.6,3.22,3.01,0.45,-0.473115418
1992-10-01,9809.69961,141.7,7.3,3.1,2.95,0.55,-0.13968729
1992-11-01,9837.503825,142.1,7.4,3.09,3.08,0.25,-0.317878637
1992-12-01,9873.595214,142.3,7.4,2.92,3.01,0.36,-0.375346738
1993-01-01,9858.48601,142.8,7.3,3.02,3.05,-3,-0.282074366
1993-02-01,9874.087392,143.1,7.1,3.03,2.91,-1.21,-0.351551506
1993-03-01,9837.49743,143.3,7,3.07,2.98,2.65,-0.279535237
1993-04-01,9876.148663,143.8,7.1,2.96,2.91,1.83,-0.187380327
1993-05-01,9934.50855,144.2,7.1,3,2.82,-2.75,-0.463795434
1993-06-01,9931.502445,144.3,7,3.04,2.81,1.56,-0.444686021
1993-07-01,9909.866141,144.5,6.9,3.06,2.82,-0.37,-0.591249759
1993-08-01,9949.108435,144.8,6.8,3.03,2.83,-0.63,-0.655869957
1993-09-01,10025.09826,145,6.7,3.09,2.69,0.57,-0.628875211
1993-10-01,10022.88392,145.6,6.8,2.99,2.77,0.21,-0.515188807
1993-11-01,10120.82909,146,6.6,3.02,2.81,0.46,-0.729756063
1993-12-01,10146.85346,146.3,6.5,2.96,2.66,0.69,-0.837795173
1994-01-01,10146.01667,146.3,6.6,3.05,2.85,-3.59,-0.937104989
1994-02-01,10202.4353,146.7,6.6,3.25,2.8,-0.63,-0.876744951
1994-03-01,10236.04003,147.1,6.5,3.34,3.27,2.52,-0.625707131
1994-04-01,10270.56737,147.2,6.4,3.56,3.22,1.38,-0.571480375
1994-05-01,10369.54404,147.5,6.1,4.01,3.24,-4.13,-0.832951766
1994-06-01,10358.79464,147.9,6.1,4.25,3.42,3,-0.87020826
1994-07-01,10361.48854,148.4,6.1,4.26,3.28,-0.07,-0.850742397
1994-08-01,10432.10856,149,6,4.47,3.29,-1.59,-1.013640941
1994-09-01,10386.69056,149.3,5.9,4.73,3.25,0.91,-0.985405726
1994-10-01,10481.83321,149.4,5.8,4.76,3.5,-0.08,-0.954306054
1994-11-01,10475.69666,149.8,5.6,5.29,3.57,0.68,-0.815224883
1994-12-01,10580.26996,150.1,5.5,5.45,3.91,1,-0.577190797
1995-01-01,10582.82021,150.5,5.6,5.53,3.7,-3.33,-0.586877458
1995-02-01,10506.33265,150.9,5.4,5.92,3.56,-0.92,-0.848196677
1995-03-01,10560.8076,151.2,5.4,5.98,3.47,2.82,-0.933189769
1995-04-01,10528.38228,151.8,5.8,6.05,3.46,1.7,-0.953747139
1995-05-01,10557.83051,152.1,5.6,6.01,3.47,-4.74,-0.921526408
1995-06-01,10658.58537,152.4,5.6,6,3.06,3.35,-0.899904911
1995-07-01,10605.77666,152.6,5.7,5.85,3.26,-0.24,-0.879245945
1995-08-01,10664.01695,152.9,5.7,5.74,3.27,-1.11,-0.895370081
1995-09-01,10745.18117,153.1,5.6,5.8,3.21,0.55,-1.006184345
1995-10-01,10698.94712,153.5,5.5,5.76,3.13,-0.46,-0.688716276
1995-11-01,10717.29128,153.7,5.6,5.8,2.98,1.12,-0.798635751
1995-12-01,10816.67148,153.9,5.6,5.6,2.75,0.84,-0.783569556
1996-01-01,10794.60814,154.7,5.6,5.56,3,-3.66,-0.794371037
1996-02-01,10811.18547,155,5.5,5.22,2.92,-0.19,-0.890688012
1996-03-01,10869.25488,155.5,5.5,5.31,2.62,3.66,-0.809488278
1996-04-01,11013.00669,156.1,5.6,5.22,3.13,0.16,-0.818857411
1996-05-01,10976.93358,156.4,5.6,5.24,3.25,-3.97,-1.020199469
1996-06-01,11026.73439,156.7,5.3,5.27,3.23,3.5,-0.876565575
1996-07-01,11067.53605,157,5.5,5.4,3.14,-1.34,-0.846706892
1996-08-01,11099.86818,157.2,5.1,5.22,3.11,-0.87,-0.971862959
1996-09-01,11144.94004,157.7,5.2,5.3,3.13,0.7,-1.05730695
1996-10-01,11219.54085,158.2,5.2,5.24,3.18,-0.73,-0.95223182
1996-11-01,11241.2821,158.7,5.4,5.31,3.1,2.23,-0.845153654
1996-12-01,11197.3607,159.1,5.4,5.29,2.96,0.94,-0.795762663
1997-01-01,11263.89831,159.4,5.3,5.25,3.16,-3.63,-0.811927061
1997-02-01,11343.25527,159.7,5.2,5.19,3.13,-0.32,-0.934254373
1997-03-01,11268.27494,159.8,5.2,5.39,3.23,2.35,-0.816866119
1997-04-01,11519.25555,159.9,5.1,5.51,3.23,0.29,-0.782661535
1997-05-01,11409.26658,159.9,4.9,5.5,3.13,-2.51,-0.689337114
1997-06-01,11509.87984,160.2,5,5.56,3.2,2.99,-0.638624562
1997-07-01,11602.83821,160.4,4.9,5.52,3.09,-0.91,-0.729201258
1997-08-01,11632.66697,160.8,4.8,5.54,2.97,0.23,-0.630652437
1997-09-01,11633.62782,161.2,4.9,5.54,3.01,-1.29,-0.535453215
1997-10-01,11708.5434,161.5,4.7,5.5,2.99,0.77,-0.313079024
1997-11-01,11684.40703,161.7,4.6,5.52,2.93,1.84,-0.108436857
1997-12-01,11775.56457,161.8,4.7,5.5,2.94,0.69,-0.123656156
1998-01-01,11713.35963,162,4.6,5.56,2.76,-4.07,-0.108456811
1998-02-01,11886.20615,162,4.6,5.51,2.62,0.33,-0.255093027
1998-03-01,11920.33534,162,4.7,5.49,2.87,2.37,-0.26605089
1998-04-01,11895.25018,162.2,4.3,5.45,2.73,0.21,-0.068963397
1998-05-01,11924.86006,162.6,4.4,5.49,2.64,-2.87,-0.389653416
1998-06-01,12028.4747,162.8,4.5,5.56,2.47,2.13,-0.207762197
1998-07-01,12004.16777,163.2,4.5,5.54,2.74,-0.54,-0.08465532
1998-08-01,12065.03334,163.4,4.5,5.55,2.71,-0.39,0.525808194
1998-09-01,12228.21233,163.5,4.6,5.51,2.53,0.62,1.267847542
1998-10-01,12271.16278,163.9,4.5,5.07,2.36,0.55,1.475948557
1998-11-01,12320.83993,164.1,4.4,4.83,2.35,1.38,0.956141246
1998-12-01,12292.00491,164.4,4.4,4.68,2.27,0.26,0.855442181
1999-01-01,12325.45681,164.7,4.3,4.63,2.4,-4.05,1.007097863
1999-02-01,12419.73434,164.7,4.4,4.76,2.42,-0.14,0.899213568
1999-03-01,12487.00715,164.8,4.2,4.81,2.71,3.1,0.702200333
1999-04-01,12485.9858,165.9,4.3,4.74,2.7,0.38,0.666188548
1999-05-01,12526.14052,166,4.2,4.74,2.74,-3.33,0.323556117
1999-06-01,12531.07923,166,4.3,4.76,2.35,1.9,0.267912279
1999-07-01,12642.91104,166.7,4.3,4.99,2.8,-0.28,0.301901922
1999-08-01,12676.3353,167.1,4.2,5.07,2.81,-0.34,0.51079638
1999-09-01,12720.56581,167.8,4.2,5.22,2.69,-0.22,0.693153674
1999-10-01,12781.47587,168.1,4.1,5.2,2.88,1.55,0.697560015
1999-11-01,12874.12825,168.4,4.1,5.42,2.99,0.9,0.571315481
1999-12-01,13008.71327,168.8,4,5.3,3.16,1.73,0.466496861
2000-01-01,12871.78592,169.3,4,5.45,3.08,-5.65,0.489832778
2000-02-01,12933.56751,170,4.1,5.73,3.16,-0.82,0.487329593
2000-03-01,13000.05209,171,4,5.85,3.24,4.1,1.108244799
2000-04-01,13172.81187,170.9,3.8,6.02,3.16,0.53,1.21764534
2000-05-01,13148.95082,171.2,4,6.27,3.31,-4.21,1.29986008
2000-06-01,13189.96196,172.2,4,6.53,3.76,2.67,1.461643348
2000-07-01,13101.62589,172.7,4,6.54,3.09,-0.04,0.864799702
2000-08-01,13208.633,172.7,4.1,6.5,3.12,-0.93,0.730131864
2000-09-01,13240.63653,173.6,3.9,6.52,3.17,0.26,0.942876757
2000-10-01,13265.76267,173.9,3.9,6.51,3.11,0.91,1.104349881
2000-11-01,13266.48945,174.2,3.9,6.51,3.1,-0.35,1.256397912
2000-12-01,13254.32815,174.6,3.9,6.4,3.17,1.97,1.559110127
2001-01-01,13247.13791,175.6,4.2,5.98,2.65,-3.09,1.419008018
2001-02-01,13220.17075,176,4.2,5.49,2.63,0.07,0.987788924
2001-03-01,13190.68281,176.1,4.3,5.31,2.14,3.2,1.158266619
2001-04-01,13291.50919,176.4,4.4,4.8,2.56,-0.59,1.139447848
2001-05-01,13353.00837,177.3,4.3,4.21,2.72,-2.75,0.720911582
2001-06-01,13259.99817,177.7,4.5,3.97,2.75,2.36,0.68309082
2001-07-01,13219.42545,177.4,4.6,3.77,2.69,0.18,0.588649023
2001-08-01,13370.63964,177.4,4.9,3.65,2.59,-0.86,0.601276289
2001-09-01,13154.60871,178.1,5,3.07,3.12,4.43,1.084894247
2001-10-01,13264.90731,177.6,5.3,2.49,2.29,-8.35,1.302389672
2001-11-01,13195.79297,177.5,5.5,2.09,2.08,4.42,0.644022065
2001-12-01,13394.51939,177.4,5.7,1.82,2.73,2.97,0.471016928
2002-01-01,13430.43144,177.7,5.7,1.73,2.29,-5.62,0.44234171
2002-02-01,13344.68842,178,5.7,1.74,2.15,0.32,0.356921683
2002-03-01,13410.26341,178.5,5.7,1.73,2.01,3.2,0.283182884
2002-04-01,13461.71075,179.3,5.9,1.75,2.59,-1.84,0.392022843
2002-05-01,13459.20248,179.5,5.8,1.75,2.62,-1.1,0.178781046
2002-06-01,13511.79862,179.6,5.8,1.75,2.34,1.96,0.628005482
2002-07-01,13582.31351,180,5.8,1.73,2.35,-0.3,1.085067234
2002-08-01,13503.09296,180.5,5.7,1.74,2.13,-2.38,0.906109639
2002-09-01,13510.24066,180.8,5.7,1.75,2.04,2.16,1.321660546
2002-10-01,13496.74661,181.2,5.7,1.75,2.01,0.73,1.414007408
2002-11-01,13533.79019,181.5,5.9,1.34,2.03,-0.21,0.814138161
2002-12-01,13617.92487,181.8,6,1.24,1.95,3.15,0.582404437
2003-01-01,13594.56724,182.6,5.8,1.24,2.08,-6.02,0.478309354
2003-02-01,13662.19447,183.6,5.9,1.26,2.11,2,0.420541146
2003-03-01,13602.0037,183.9,5.9,1.25,1.9,1.96,0.413625435
2003-04-01,13674.23692,183.2,6,1.26,1.99,-0.51,0.129099176
2003-05-01,13689.69063,182.9,6.1,1.26,1.84,-0.75,-0.109496798
2003-06-01,13860.25728,183.1,6.3,1.22,2.28,1.11,-0.157022977
2003-07-01,13894.27501,183.7,6.2,1.01,1.63,-1.49,-0.24921854
2003-08-01,13969.01981,184.5,6.1,1.03,1.85,0.11,-0.346050874
2003-09-01,14048.10317,185.1,6.1,1.01,1.98,-1.03,-0.485930283
2003-10-01,14064.86295,184.9,6,1.01,1.79,0.86,-0.488309722
2003-11-01,14145.62398,185,5.8,1,1.93,0.25,-0.545003295
2003-12-01,14184.49281,185.5,5.7,0.98,2.22,3.35,-0.610852845
2004-01-01,14100.16015,186.3,5.7,1,1.91,-6.93,-0.600141372
2004-02-01,14225.36728,186.7,5.6,1.01,1.99,3.56,-0.707505925
2004-03-01,14312.26933,187.1,5.8,1,1.7,2.63,-0.59196777
2004-04-01,14267.60783,187.4,5.6,1,1.85,-2.59,-0.51578191
2004-05-01,14398.38478,188.2,5.6,1,2.21,-1.51,-0.560647279
2004-06-01,14303.9144,188.9,5.6,1.03,2.57,2.41,-0.654918555
2004-07-01,14428.04741,189.1,5.5,1.26,2.26,-2.32,-0.630327522
2004-08-01,14464.57624,189.2,5.4,1.43,2.34,2.27,-0.627875521
2004-09-01,14481.74633,189.8,5.4,1.61,2.68,-1.73,-0.637962508
2004-10-01,14581.53389,190.8,5.5,1.76,2.15,0.58,-0.509621148
2004-11-01,14590.22098,191.7,5.4,1.93,2.21,1.73,-0.583389464
2004-12-01,14645.90262,191.7,5.4,2.16,1.75,1.09,-0.731677789
2005-01-01,14776.30635,191.6,5.3,2.28,2.14,-7.05,-0.65201236
2005-02-01,14750.38108,192.4,5.4,2.5,2.14,3.35,-0.867647919
2005-03-01,14777.7627,193.1,5.2,2.63,2.33,3.32,-0.777656035
2005-04-01,14809.88002,193.7,5.2,2.79,2.46,-3.9,-0.454674011
2005-05-01,14779.23822,193.6,5.1,3,2.58,1.24,-0.512048519
2005-06-01,14930.78581,193.7,5,3.04,2.36,1.47,-0.590029737
2005-07-01,14945.3548,194.9,5,3.26,2.33,-3.37,-0.620833185
2005-08-01,14981.47439,196.1,4.9,3.5,2.46,3.04,-0.740964071
2005-09-01,14942.85105,198.8,5,3.62,2.35,-2.49,-0.61350193
2005-10-01,14962.40086,199.1,5,3.78,2.85,1.53,-0.497838766
2005-11-01,14997.20266,198.1,5,4,3.05,0.63,-0.522831685
2005-12-01,15164.83216,198.1,4.9,4.16,3.23,1.54,-0.547351104
2006-01-01,15214.28192,199.3,4.7,4.29,2.4,-4.53,-0.520431544
2006-02-01,15195.26602,199.4,4.8,4.49,2.51,0.82,-0.621515803
2006-03-01,15323.3351,199.7,4.7,4.59,1.77,4.62,-0.597096899
2006-04-01,15239.7965,200.7,4.7,4.79,2.68,-3.38,-0.490621604
2006-05-01,15312.72503,201.3,4.6,4.94,2.88,-0.04,-0.722651774
2006-06-01,15292.72445,201.8,4.6,4.99,2.74,-1.16,-0.491371503
2006-07-01,15245.14091,202.9,4.7,5.24,2.8,0.27,-0.460829707
2006-08-01,15303.79766,203.8,4.7,5.25,2.87,1.24,-0.614011724
2006-09-01,15365.38902,202.8,4.5,5.25,2.65,-2.52,-0.559624029
2006-10-01,15367.7294,201.9,4.4,5.25,2.4,3.61,-0.661044088
2006-11-01,15476.48187,202,4.5,5.25,1.89,-0.47,-0.76055225
2006-12-01,15457.50104,203.1,4.4,5.24,1.99,1.1,-0.700889748
2007-01-01,15444.55057,203.437,4.6,5.25,2.68,-3.79,-0.741809025
2007-02-01,15546.38321,204.226,4.5,5.26,2.64,-0.28,-0.745792262
2007-03-01,15446.6281,205.288,4.4,5.26,2.8,5.24,-0.518404487
2007-04-01,15575.68603,205.904,4.5,5.25,2.72,-1.7,-0.305577493
2007-05-01,15570.02528,206.755,4.4,5.25,2.92,-2.06,-0.589229701
2007-06-01,15588.14342,207.234,4.6,5.25,3.21,-0.81,-0.611105717
2007-07-01,15537.65473,207.603,4.7,5.26,2.61,1.26,-0.255876124
2007-08-01,15722.34779,207.667,4.6,5.02,2.65,0.64,0.654321837
2007-09-01,15755.24752,208.547,4.7,4.94,2.57,-2.07,0.284976283
2007-10-01,15733.87337,209.19,4.7,4.76,2.29,2.96,0.276173134
2007-11-01,15758.80062,210.834,4.7,4.49,2.63,-1.2,0.897112556
2007-12-01,15809.22051,211.445,5,4.24,2.54,2.33,0.956559917
2008-01-01,15842.53911,212.174,5,3.94,2.47,-4.34,1.424737971
2008-02-01,15621.39375,212.687,4.9,2.98,2.3,0.9,1.178419953
2008-03-01,15645.3013,213.448,5.1,2.61,1.93,4.52,1.798637417
2008-04-01,15695.02989,213.942,5,2.28,2.02,-2.97,1.505360639
2008-05-01,15735.25508,215.208,5.4,1.98,2.29,-1.56,0.945683197
2008-06-01,15947.92274,217.463,5.6,2,2.73,2.09,1.558089089
2008-07-01,15816.1953,219.016,5.8,2.01,2.95,-0.04,2.309064608
2008-08-01,15742.36019,218.69,6.1,2,3.05,-2.68,1.637005414
2008-09-01,15570.385,218.877,6.1,1.81,2.73,5.66,2.64359466
2008-10-01,15447.08972,216.995,6.5,0.97,1.61,-1.91,5.448572641
2008-11-01,15461.4701,213.153,6.8,0.39,0.78,3,5.493012451
2008-12-01,15191.44185,211.398,7.3,0.16,0.28,6.75,5.335869724
2009-01-01,15229.96891,211.933,7.8,0.15,0.47,-17.02,5.470550302
2009-02-01,15180.04799,212.705,8.3,0.22,0.38,2.29,4.587726441
2009-03-01,15152.70676,212.495,8.7,0.18,-0.48,7.16,4.57112788
2009-04-01,15148.19321,212.709,9,0.15,1.23,-1.01,4.430926852
2009-05-01,15166.05895,213.022,9.4,0.18,1.3,-4.26,3.010952072
2009-06-01,15171.23976,214.79,9.5,0.21,1.27,5.36,1.716281817
2009-07-01,15152.48005,214.726,9.5,0.16,1.55,-4.79,1.692849739
2009-08-01,15244.80633,215.445,9.6,0.16,2.02,-0.22,1.217637402
2009-09-01,15252.90975,215.861,9.8,0.15,2.36,-0.4,0.872210902
2009-10-01,15452.28751,216.509,10,0.12,1.63,3.36,0.829221219
2009-11-01,15385.20367,217.234,9.9,0.12,1.81,-0.45,0.737803439
2009-12-01,15300.20229,217.347,9.9,0.12,1.79,2.25,0.49935343
2010-01-01,15399.84656,217.488,9.8,0.11,1.7,-9.15,0.584372957
2010-02-01,15435.96998,217.281,9.8,0.13,1.73,6.12,0.315806468
2010-03-01,15532.39245,217.353,9.9,0.16,1.97,3.33,0.011861981
2010-04-01,15593.25362,217.403,9.9,0.2,1.59,-5.78,-0.015286798
2010-05-01,15574.42904,217.29,9.6,0.2,1.56,0.57,0.530172464
2010-06-01,15649.45957,217.199,9.4,0.18,1.35,3.19,0.518356395
2010-07-01,15721.37142,217.605,9.4,0.18,0.96,-3.8,0.432908665
2010-08-01,15690.65784,217.923,9.5,0.19,1.34,3.51,0.201489234
2010-09-01,15766.97533,218.275,9.5,0.19,0.91,-1.94,0.094257072
2010-10-01,15808.37871,219.035,9.4,0.19,1.37,2.42,0.194093031
2010-11-01,15761.06494,219.59,9.8,0.19,1.4,3.53,0.01984723
2010-12-01,15854.67565,220.472,9.3,0.18,1.49,-1.86,-0.070161648
2011-01-01,15714.30655,221.187,9.1,0.17,1.79,-5.85,-0.200121503
2011-02-01,15692.28009,221.898,9,0.16,1.95,1.89,-0.438520926
2011-03-01,15903.11519,223.046,9,0.14,2.11,4.76,-0.289005109
2011-04-01,15941.11405,224.093,9.1,0.1,2.08,-4.21,-0.378567354
2011-05-01,15869.86325,224.806,9,0.09,2.29,0.76,-0.384455576
2011-06-01,15819.67778,224.806,9.1,0.09,2.12,0.37,-0.185318581
2011-07-01,15863.21142,225.395,9,0.07,2.43,2.05,-0.114302338
2011-08-01,15935.39239,226.106,9,0.1,1.51,6.7,0.686639402
2011-09-01,15813.63447,226.597,9,0.08,1.01,-11.02,0.778018053
2011-10-01,16080.78377,226.75,8.8,0.07,1.47,3.18,0.8478769
2011-11-01,16034.93569,227.169,8.6,0.08,1.51,0.73,0.499371115
2011-12-01,16030.62091,227.223,8.5,0.07,1.71,0.74,0.461818489
2012-01-01,16081.86919,227.842,8.3,0.08,1.47,-4.26,0.397893018
2012-02-01,16317.57756,228.329,8.3,0.1,1.5,-1.58,0.031946058
2012-03-01,16140.35198,228.807,8.2,0.13,1.36,6.62,-0.105400537
2012-04-01,16236.15064,229.187,8.2,0.14,1.69,-2.89,-0.054548044
2012-05-01,16274.63465,228.713,8.2,0.16,1.59,-4.28,0.121001155
2012-06-01,16250.35881,228.524,8.2,0.16,0.79,4.28,0.150049757
2012-07-01,16323.36918,228.59,8.2,0.16,1.3,2.1,0.029105554
2012-08-01,16236.62677,229.918,8.1,0.13,1.37,-2.36,-0.283620123
2012-09-01,16286.48077,231.015,7.8,0.14,1.93,0.34,-0.410308494
2012-10-01,16216.12346,231.638,7.8,0.16,1.61,3.48,-0.257224597
2012-11-01,16294.76117,231.249,7.7,0.16,1.66,-5.92,-0.385722688
2012-12-01,16389.33581,231.221,7.9,0.16,2.1,9.55,-0.414862337
2013-01-01,16515.91607,231.679,8,0.14,1.32,-12.29,-0.487931929
2013-02-01,16371.96772,232.937,7.7,0.15,1.36,0.28,-0.559776814
2013-03-01,16436.85565,232.282,7.5,0.14,1,6.71,-0.529329725
2013-04-01,16449.00072,231.797,7.6,0.15,1.46,0.36,-0.445395926
2013-05-01,16421.93214,231.893,7.5,0.11,1.18,-6.89,-0.572981381
2013-06-01,16522.54583,232.445,7.5,0.09,1.35,2.88,-0.386024221
2013-07-01,16556.30438,232.9,7.3,0.09,1,1.52,-0.450851975
2013-08-01,16618.40471,233.456,7.2,0.08,1.8,-2.65,-0.667280151
2013-09-01,16609.80564,233.544,7.2,0.08,2.2,2.47,-0.655698748
2013-10-01,16679.57648,233.669,7.2,0.09,1.56,4.42,-0.713587161
2013-11-01,16751.08048,234.1,6.9,0.08,1.45,-7.38,-0.800245393
2013-12-01,16707.9114,234.719,6.7,0.09,1.92,11.97,-0.904188306
2014-01-01,16606.40893,235.288,6.6,0.07,1.64,-12.25,-0.861552185
2014-02-01,16678.00304,235.547,6.7,0.07,1.59,1.85,-0.759338972
2014-03-01,16678.67476,236.028,6.7,0.08,1.22,6.26,-0.759430808
2014-04-01,16803.39072,236.468,6.2,0.09,1.65,-3.08,-0.830761138
2014-05-01,16865.07223,236.918,6.3,0.09,1.77,-6.37,-0.955506749
2014-06-01,16936.2407,237.231,6.1,0.1,1.53,7,-1.02643152
2014-07-01,17027.1376,237.498,6.2,0.09,1.86,-2.62,-0.853447438
2014-08-01,17116.99128,237.46,6.1,0.09,1.81,-6.74,-0.822158379
2014-09-01,17050.10468,237.477,5.9,0.09,2.12,9.54,-0.814285432
2014-10-01,17144.3197,237.43,5.7,0.09,1.6,-1.4,-0.345724764
2014-11-01,17154.15864,236.983,5.8,0.09,1.32,-3.43,-0.685010108
2014-12-01,17125.56641,236.252,5.6,0.12,2.19,13.48,-0.438250287
2015-01-01,17276.59017,234.747,5.7,0.11,0.92,-18.18,-0.220593736
2015-02-01,17352.94781,235.342,5.5,0.11,0.38,8.94,-0.407803828
2015-03-01,17212.54342,235.976,5.4,0.11,0.8,0.58,-0.480473652
2015-04-01,17398.25621,236.222,5.4,0.12,1.59,-3.28,-0.582478922
2015-05-01,17348.05096,237.001,5.6,0.12,1.7,-7.1,-0.729841067
2015-06-01,17396.51808,237.657,5.3,0.13,1.78,10.43,-0.631638064
2015-07-01,17405.67862,238.034,5.2,0.13,1.8,-2.71,-0.445723306
2015-08-01,17409.11859,238.033,5.1,0.14,1.72,-3.38,-0.235939823
2015-09-01,17496.75905,237.498,5,0.14,1.93,1.01,-0.087121634
2015-10-01,17487.45398,237.733,5,0.12,1.31,0.16,-0.259953141
2015-11-01,17425.65627,238.017,5.1,0.12,1.31,4.87,-0.378967972
2015-12-01,17474.94208,237.761,5,0.24,1.47,4.06,-0.108678701
2016-01-01,17544.82701,237.652,4.8,0.34,1.47,-13.2,0.255649815
2016-02-01,17519.5291,237.336,4.9,0.38,1.12,4.97,0.443948613
2016-03-01,17632.36412,238.08,5,0.36,0.78,8.06,-0.023421509
2016-04-01,17642.02575,238.992,5.1,0.37,1.69,-2.85,-0.087144101
2016-05-01,17584.19295,239.557,4.8,0.37,1.66,-5.44,-0.252749058
2016-06-01,17629.65705,240.222,4.9,0.38,1.28,1.19,-0.144095907
2016-07-01,17622.28064,240.101,4.8,0.39,1.65,-1.45,-0.269007297
2016-08-01,17738.44783,240.545,4.9,0.4,1.59,7.66,-0.354321218
2016-09-01,17812.70197,241.176,5,0.4,2.06,-9.69,-0.334582783
2016-10-01,17741.32842,241.741,4.9,0.4,1.74,5.39,-0.467381756
2016-11-01,17832.30351,242.026,4.7,0.41,1.9,-3.05,-0.246825511
2016-12-01,17864.09272,242.637,4.7,0.54,2.29,5.47,-0.625722755
2017-01-01,17856.57851,243.62,4.7,0.65,2.1,-5.09,-0.552117432
2017-02-01,17881.75755,243.872,4.6,0.66,1.94,-3.52,-0.670306039
2017-03-01,17951.83092,243.766,4.4,0.79,1.5,14.99,-0.631271437
2017-04-01,17903.65653,244.274,4.5,0.9,1.72,-10.75,-0.562095454
2017-05-01,18001.96253,244.069,4.4,0.91,1.56,1.62,-0.723955984
2017-06-01,18085.27014,244.218,4.3,1.04,0.96,-1.74,-0.568929899
2017-07-01,18069.29075,244.28,4.3,1.15,1.71,0.99,-0.708711963
2017-08-01,18109.61891,245.205,4.4,1.16,1.65,1.99,-0.759923338
2017-09-01,18200.26661,246.551,4.2,1.15,2.06,-8.68,-0.723057799
2017-10-01,18194.5168,246.657,4.1,1.15,1.95,10.58,-0.798409159
2017-11-01,18327.77647,247.378,4.2,1.16,2.07,-5.77,-0.733919358
2017-12-01,18368.31092,247.736,4.1,1.3,2.82,4.77,-0.770210938
2018-01-01,18398.76236,248.721,4,1.41,1.9,-4.99,-0.825564164
2018-02-01,18490.01283,249.3,4.1,1.42,2.14,-8.53,-0.543459237
2018-03-01,18420.52522,249.517,4,1.51,1.69,20.8,-0.614950624
2018-04-01,18548.1762,250.275,4,1.69,1.85,-11.24,-0.383276038
2018-05-01,18595.89315,250.786,3.8,1.7,1.97,-5.23,-0.611891341
2018-06-01,18626.45836,251.152,4,1.82,1.59,4.35,-0.589340892
2018-07-01,18634.47599,251.345,3.8,1.91,2.12,2.3,-0.421382787
2018-08-01,18721.69169,251.735,3.8,1.91,2.13,-1.38,-0.704184906
2018-09-01,18683.19579,252.183,3.7,1.95,2.41,-2.53,-0.755311443
2018-10-01,18751.39577,252.899,3.8,2.19,2.21,6.16,-0.291938338
2018-11-01,18665.95307,252.822,3.8,2.2,2.17,-8.87,-0.347628459
2018-12-01,18747.11151,252.493,3.9,2.27,1.98,16.29,-0.071145593
2019-01-01,18847.81787,252.441,4,2.4,1.8,-17.32,-0.10838633
2019-02-01,18822.05888,252.969,3.8,2.4,1.79,0.91,-0.500937939
2019-03-01,18830.22072,254.147,3.8,2.41,1.38,9.56,-0.424714936
2019-04-01,18913.15674,255.326,3.7,2.42,2.04,1.35,-0.433904152
2019-05-01,18961.62808,255.371,3.7,2.39,2.19,-9.82,-0.406487766
2019-06-01,19073.21754,255.423,3.6,2.38,1.61,7.25,-0.380161243
2019-07-01,19093.79169,255.925,3.6,2.4,1.75,-0.78,-0.54205956
2019-08-01,19108.9808,256.118,3.7,2.13,1.71,-4.51,-0.338055458
2019-09-01,19135.63317,256.532,3.5,2.04,1.64,4.02,-0.404246275
2019-10-01,19165.28571,257.387,3.6,1.83,1.72,1.96,-0.404316695
2019-11-01,19219.27047,257.989,3.6,1.55,1.7,-4.57,-0.646189391
2019-12-01,19222.8462,258.203,3.6,1.55,1.7,11.6,-0.647008099
2020-01-01,19222.72856,258.687,3.5,1.55,1.8,-17.7,-0.606400041
2020-02-01,19354.73325,258.824,3.5,1.58,1.65,1.83,-0.40408874
2020-03-01,18278.94567,257.989,4.4,0.65,0.99,38.95,2.087529892
2020-04-01,16445.45554,256.192,14.8,0.05,-0.05,21.34,1.661971873
2020-05-01,17184.21376,255.942,13.3,0.05,-0.22,1075.87,0.862737954
2020-06-01,18147.816,257.282,11.1,0.08,0.51,-1094.63,0.501723019
2020-07-01,18335.21534,258.604,10.2,0.09,1.57,-17.17,0.287409715
2020-08-01,18578.72182,259.511,8.4,0.1,1.68,-7.95,-0.073721013
2020-09-01,18772.21898,260.149,7.8,0.09,1.58,14.51,0.080916482
2020-10-01,18927.94698,260.462,6.9,0.09,1.4,-8.34,0.160057207
2020-11-01,18707.76495,260.927,6.7,0.09,1.42,13.67,0.217602482
2020-12-01,18670.62612,261.56,6.7,0.09,1.65,-1.33,-0.357674524
2021-01-01,19118.76129,262.231,6.3,0.09,1.45,-16.52,-0.263073693
2021-02-01,18800.26319,263.161,6.2,0.08,1.68,4.2,-0.467740218
2021-03-01,19251.31068,264.793,6,0.07,1.51,27.88,-0.322017292
2021-04-01,19358.24989,266.832,6.1,0.07,1.75,-13.7,-0.769691085
2021-05-01,19363.60142,268.551,5.8,0.06,1.87,-24.86,-0.820797914
2021-06-01,19356.76655,270.981,5.9,0.08,2.06,7.08,-0.752781329
